<?xml version="1.0" encoding="UTF-8"?>
<beans:beans xmlns="http://www.springframework.org/schema/security" xmlns:xsi="http://www.w3.org/2001/XMLSchema-instance" xmlns:beans="http://www.springframework.org/schema/beans"
    xsi:schemaLocation="
        http://www.springframework.org/schema/security 
        http://www.springframework.org/schema/security/spring-security.xsd
        http://www.springframework.org/schema/beans 
        http://www.springframework.org/schema/beans/spring-beans.xsd"
>

    <http use-expressions="true">
        <intercept-url pattern="/login*" access="permitAll"/>
        <intercept-url pattern="/logout*" access="permitAll"/>
        <intercept-url pattern="/signin/**" access="permitAll"/>
        <intercept-url pattern="/signup/**" access="permitAll"/>
        <intercept-url pattern="/user/registration*" access="permitAll"/>
        <intercept-url pattern="/registrationConfirm*" access="permitAll"/>
        <intercept-url pattern="/expiredAccount*" access="permitAll"/>
        <intercept-url pattern="/registration*" access="permitAll"/>
        <intercept-url pattern="/badUser*" access="permitAll"/>
        <intercept-url pattern="/user/resendRegistrationToken*" access="permitAll"/>
        <intercept-url pattern="/forgetPassword*" access="permitAll"/>
        <intercept-url pattern="/user/resetPassword*" access="permitAll"/>
        <intercept-url pattern="/user/changePassword*" access="permitAll"/>
        <intercept-url pattern="/updatePassword*" access="isAuthenticated()"/>
        <intercept-url pattern="/user/savePassword*" access="isAuthenticated()"/>

        <intercept-url pattern="/emailError*" access="permitAll"/>
        <intercept-url pattern="/resources/**" access="permitAll"/>
        <intercept-url pattern="/invalidSession*" access="isAnonymous()"/>
        <intercept-url pattern="/**" access="isAuthenticated()"/>
        
        <csrf disabled="true"/>
        
        <form-login login-page='/login'
            authentication-success-handler-ref="myAuthenticationSuccessHandler"
            authentication-failure-handler-ref="authenticationFailureHandler"
            default-target-url="/homepage"/>
            
        <session-management invalid-session-url="/invalidSession" session-fixation-protection="none">
        	<concurrency-control max-sessions="1" error-if-maximum-exceeded="true" 
        	expired-url="/login" session-registry-alias="sessionRegistry"/>
        </session-management>
        
        <logout invalidate-session="false" logout-success-url="/logoutPage?logSucc=true" delete-cookies="JSESSIONID"/>
    </http>

    <authentication-manager>
        <authentication-provider ref="authProvider"/>
    </authentication-manager>
    
    <beans:bean id="authProvider" class="org.springframework.security.authentication.dao.DaoAuthenticationProvider">
        <beans:property name="userDetailsService" ref="userDetailsService"/>
        <beans:property name="passwordEncoder" ref="passwordEncoder"/>
    </beans:bean>
    
    <beans:bean id="passwordEncoder" class="org.springframework.security.crypto.bcrypt.BCryptPasswordEncoder">
        <beans:constructor-arg value="11"/>
    </beans:bean>

</beans:beans>